sector,var_resid,nobs
1,0.4361503503,135259
2,0.3820724101,348617
3,0.3930991821,112262
4,0.3956771863,129819
5,0.4313360369,359593
6,0.4670245151,177658
7,0.8454277915,1221815
