sector,var_resid,nobs
1,0.2450128018,88977
2,0.1468765011,242596
3,0.1409839235,80466
4,0.304563715,72589
5,0.2104960221,236495
6,0.2012389013,130114
7,0.3132097378,923210
